"radio_id","ocup_cod","ocup_label","viviendas"
63570101,1,"Hay personas presentes",337
63570101,2,"No hay personas presentes",34
63570102,1,"Hay personas presentes",400
63570102,2,"No hay personas presentes",21
63570103,1,"Hay personas presentes",449
63570103,2,"No hay personas presentes",42
63570104,1,"Hay personas presentes",533
63570104,2,"No hay personas presentes",20
63570105,1,"Hay personas presentes",419
63570105,2,"No hay personas presentes",30
63570106,1,"Hay personas presentes",303
63570106,2,"No hay personas presentes",18
63570107,1,"Hay personas presentes",257
63570107,2,"No hay personas presentes",47
63570108,1,"Hay personas presentes",432
63570108,2,"No hay personas presentes",25
63570109,1,"Hay personas presentes",320
63570109,2,"No hay personas presentes",31
63570201,1,"Hay personas presentes",392
63570201,2,"No hay personas presentes",11
63570202,1,"Hay personas presentes",364
63570202,2,"No hay personas presentes",53
63570203,1,"Hay personas presentes",389
63570203,2,"No hay personas presentes",67
63570204,1,"Hay personas presentes",221
63570204,2,"No hay personas presentes",19
63570205,1,"Hay personas presentes",324
63570205,2,"No hay personas presentes",55
63570206,1,"Hay personas presentes",348
63570206,2,"No hay personas presentes",9
63570207,1,"Hay personas presentes",246
63570207,2,"No hay personas presentes",18
63570208,1,"Hay personas presentes",260
63570208,2,"No hay personas presentes",10
63570209,1,"Hay personas presentes",419
63570209,2,"No hay personas presentes",44
63570210,1,"Hay personas presentes",306
63570210,2,"No hay personas presentes",20
63570211,1,"Hay personas presentes",208
63570211,2,"No hay personas presentes",23
63570301,1,"Hay personas presentes",411
63570301,2,"No hay personas presentes",67
63570302,1,"Hay personas presentes",136
63570302,2,"No hay personas presentes",41
63570303,1,"Hay personas presentes",235
63570303,2,"No hay personas presentes",131
63570304,1,"Hay personas presentes",315
63570304,2,"No hay personas presentes",33
63570305,1,"Hay personas presentes",317
63570305,2,"No hay personas presentes",95
63570306,1,"Hay personas presentes",210
63570306,2,"No hay personas presentes",23
63570307,1,"Hay personas presentes",372
63570307,2,"No hay personas presentes",112
63570308,1,"Hay personas presentes",414
63570308,2,"No hay personas presentes",92
63570309,1,"Hay personas presentes",256
63570309,2,"No hay personas presentes",44
63570310,1,"Hay personas presentes",385
63570310,2,"No hay personas presentes",45
63570311,1,"Hay personas presentes",223
63570311,2,"No hay personas presentes",29
63570312,1,"Hay personas presentes",169
63570312,2,"No hay personas presentes",119
63570313,1,"Hay personas presentes",211
63570313,2,"No hay personas presentes",48
63570314,1,"Hay personas presentes",222
63570314,2,"No hay personas presentes",22
63570315,1,"Hay personas presentes",226
63570315,2,"No hay personas presentes",26
63570401,1,"Hay personas presentes",291
63570401,2,"No hay personas presentes",71
63570402,1,"Hay personas presentes",228
63570402,2,"No hay personas presentes",167
63570403,1,"Hay personas presentes",253
63570403,2,"No hay personas presentes",260
63570404,1,"Hay personas presentes",178
63570404,2,"No hay personas presentes",77
63570405,1,"Hay personas presentes",204
63570405,2,"No hay personas presentes",73
63570406,1,"Hay personas presentes",222
63570406,2,"No hay personas presentes",38
63570407,1,"Hay personas presentes",219
63570407,2,"No hay personas presentes",92
63570408,1,"Hay personas presentes",372
63570408,2,"No hay personas presentes",61
63570409,1,"Hay personas presentes",332
63570409,2,"No hay personas presentes",62
63570410,1,"Hay personas presentes",154
63570410,2,"No hay personas presentes",114
63570411,1,"Hay personas presentes",139
63570411,2,"No hay personas presentes",136
63570412,1,"Hay personas presentes",122
63570412,2,"No hay personas presentes",87
63570501,1,"Hay personas presentes",443
63570501,2,"No hay personas presentes",53
63570502,1,"Hay personas presentes",365
63570502,2,"No hay personas presentes",41
63570503,1,"Hay personas presentes",272
63570503,2,"No hay personas presentes",29
63570504,1,"Hay personas presentes",310
63570504,2,"No hay personas presentes",23
63570505,1,"Hay personas presentes",215
63570505,2,"No hay personas presentes",22
63570506,1,"Hay personas presentes",261
63570506,2,"No hay personas presentes",48
63570507,1,"Hay personas presentes",219
63570507,2,"No hay personas presentes",24
63570508,1,"Hay personas presentes",234
63570508,2,"No hay personas presentes",12
63570509,1,"Hay personas presentes",397
63570509,2,"No hay personas presentes",41
63570510,1,"Hay personas presentes",376
63570510,2,"No hay personas presentes",81
63570511,1,"Hay personas presentes",239
63570511,2,"No hay personas presentes",99
63570512,1,"Hay personas presentes",298
63570512,2,"No hay personas presentes",95
63570513,1,"Hay personas presentes",188
63570513,2,"No hay personas presentes",60
63570514,1,"Hay personas presentes",197
63570514,2,"No hay personas presentes",138
63570601,1,"Hay personas presentes",387
63570601,2,"No hay personas presentes",6
63570602,1,"Hay personas presentes",301
63570602,2,"No hay personas presentes",5
63570603,1,"Hay personas presentes",273
63570603,2,"No hay personas presentes",9
63570604,1,"Hay personas presentes",403
63570604,2,"No hay personas presentes",20
63570605,1,"Hay personas presentes",312
63570605,2,"No hay personas presentes",9
63570606,1,"Hay personas presentes",268
63570606,2,"No hay personas presentes",20
63570607,1,"Hay personas presentes",380
63570607,2,"No hay personas presentes",55
63570608,1,"Hay personas presentes",363
63570608,2,"No hay personas presentes",51
63570609,1,"Hay personas presentes",448
63570609,2,"No hay personas presentes",26
63570610,1,"Hay personas presentes",370
63570610,2,"No hay personas presentes",14
63570611,1,"Hay personas presentes",313
63570611,2,"No hay personas presentes",33
63570701,1,"Hay personas presentes",311
63570701,2,"No hay personas presentes",22
63570702,1,"Hay personas presentes",381
63570702,2,"No hay personas presentes",30
63570703,1,"Hay personas presentes",339
63570703,2,"No hay personas presentes",26
63570704,1,"Hay personas presentes",439
63570704,2,"No hay personas presentes",16
63570705,1,"Hay personas presentes",476
63570705,2,"No hay personas presentes",10
63570706,1,"Hay personas presentes",422
63570706,2,"No hay personas presentes",11
63570707,1,"Hay personas presentes",328
63570707,2,"No hay personas presentes",16
63570708,1,"Hay personas presentes",228
63570708,2,"No hay personas presentes",7
63570709,1,"Hay personas presentes",471
63570709,2,"No hay personas presentes",11
63570710,1,"Hay personas presentes",296
63570710,2,"No hay personas presentes",4
63570711,1,"Hay personas presentes",291
63570711,2,"No hay personas presentes",24
63570801,1,"Hay personas presentes",438
63570801,2,"No hay personas presentes",31
63570802,1,"Hay personas presentes",349
63570802,2,"No hay personas presentes",49
63570803,1,"Hay personas presentes",217
63570803,2,"No hay personas presentes",9
63570804,1,"Hay personas presentes",327
63570804,2,"No hay personas presentes",4
63570805,1,"Hay personas presentes",329
63570805,2,"No hay personas presentes",2
63570806,1,"Hay personas presentes",302
63570806,2,"No hay personas presentes",6
63570807,1,"Hay personas presentes",373
63570807,2,"No hay personas presentes",37
63570808,1,"Hay personas presentes",271
63570808,2,"No hay personas presentes",34
63570809,1,"Hay personas presentes",365
63570809,2,"No hay personas presentes",16
63570810,1,"Hay personas presentes",392
63570810,2,"No hay personas presentes",37
63570811,1,"Hay personas presentes",388
63570811,2,"No hay personas presentes",19
63570812,1,"Hay personas presentes",421
63570812,2,"No hay personas presentes",29
63570813,1,"Hay personas presentes",240
63570813,2,"No hay personas presentes",6
63570814,1,"Hay personas presentes",184
63570814,2,"No hay personas presentes",8
63570901,1,"Hay personas presentes",331
63570901,2,"No hay personas presentes",5
63570902,1,"Hay personas presentes",329
63570902,2,"No hay personas presentes",14
63570903,1,"Hay personas presentes",316
63570903,2,"No hay personas presentes",4
63570904,1,"Hay personas presentes",362
63570904,2,"No hay personas presentes",6
63570905,1,"Hay personas presentes",411
63570905,2,"No hay personas presentes",15
63570906,1,"Hay personas presentes",452
63570906,2,"No hay personas presentes",16
63570907,1,"Hay personas presentes",339
63570907,2,"No hay personas presentes",6
63570908,1,"Hay personas presentes",327
63570908,2,"No hay personas presentes",9
63570909,1,"Hay personas presentes",359
63570909,2,"No hay personas presentes",28
63570910,1,"Hay personas presentes",451
63570910,2,"No hay personas presentes",13
63570911,1,"Hay personas presentes",307
63570911,2,"No hay personas presentes",22
63570912,1,"Hay personas presentes",459
63570912,2,"No hay personas presentes",6
63570913,1,"Hay personas presentes",368
63570913,2,"No hay personas presentes",15
63570914,1,"Hay personas presentes",220
63570914,2,"No hay personas presentes",8
63571001,1,"Hay personas presentes",270
63571001,2,"No hay personas presentes",3
63571002,1,"Hay personas presentes",249
63571002,2,"No hay personas presentes",46
63571003,1,"Hay personas presentes",370
63571003,2,"No hay personas presentes",6
63571004,1,"Hay personas presentes",152
63571004,2,"No hay personas presentes",13
63571005,1,"Hay personas presentes",394
63571005,2,"No hay personas presentes",2
63571006,1,"Hay personas presentes",258
63571006,2,"No hay personas presentes",10
63571007,1,"Hay personas presentes",243
63571007,2,"No hay personas presentes",6
63571008,1,"Hay personas presentes",397
63571008,2,"No hay personas presentes",2
63571009,1,"Hay personas presentes",158
63571010,1,"Hay personas presentes",296
63571010,2,"No hay personas presentes",19
63571011,1,"Hay personas presentes",320
63571011,2,"No hay personas presentes",2
63571012,1,"Hay personas presentes",258
63571012,2,"No hay personas presentes",4
63571013,1,"Hay personas presentes",198
63571013,2,"No hay personas presentes",34
63571014,1,"Hay personas presentes",206
63571014,2,"No hay personas presentes",4
63571015,1,"Hay personas presentes",194
63571015,2,"No hay personas presentes",7
63571016,1,"Hay personas presentes",210
63571016,2,"No hay personas presentes",10
63571101,1,"Hay personas presentes",196
63571101,2,"No hay personas presentes",26
63571102,1,"Hay personas presentes",370
63571102,2,"No hay personas presentes",32
63571103,1,"Hay personas presentes",304
63571103,2,"No hay personas presentes",3
63571104,1,"Hay personas presentes",276
63571104,2,"No hay personas presentes",4
63571105,1,"Hay personas presentes",410
63571105,2,"No hay personas presentes",9
63571106,1,"Hay personas presentes",188
63571106,2,"No hay personas presentes",1
63571107,1,"Hay personas presentes",312
63571107,2,"No hay personas presentes",10
63571108,1,"Hay personas presentes",262
63571108,2,"No hay personas presentes",13
63571109,1,"Hay personas presentes",238
63571109,2,"No hay personas presentes",11
63571110,1,"Hay personas presentes",287
63571110,2,"No hay personas presentes",12
63571111,1,"Hay personas presentes",329
63571111,2,"No hay personas presentes",25
63571112,1,"Hay personas presentes",353
63571112,2,"No hay personas presentes",43
63571113,1,"Hay personas presentes",164
63571113,2,"No hay personas presentes",29
63571114,1,"Hay personas presentes",305
63571114,2,"No hay personas presentes",8
63571115,1,"Hay personas presentes",185
63571115,2,"No hay personas presentes",6
63571201,1,"Hay personas presentes",235
63571202,1,"Hay personas presentes",237
63571202,2,"No hay personas presentes",2
63571203,1,"Hay personas presentes",395
63571204,1,"Hay personas presentes",358
63571204,2,"No hay personas presentes",9
63571205,1,"Hay personas presentes",328
63571205,2,"No hay personas presentes",4
63571206,1,"Hay personas presentes",211
63571206,2,"No hay personas presentes",28
63571207,1,"Hay personas presentes",266
63571207,2,"No hay personas presentes",12
63571208,1,"Hay personas presentes",309
63571208,2,"No hay personas presentes",4
63571209,1,"Hay personas presentes",240
63571209,2,"No hay personas presentes",4
63571210,1,"Hay personas presentes",167
63571210,2,"No hay personas presentes",35
63571301,1,"Hay personas presentes",285
63571301,2,"No hay personas presentes",12
63571302,1,"Hay personas presentes",326
63571302,2,"No hay personas presentes",17
63571303,1,"Hay personas presentes",461
63571303,2,"No hay personas presentes",16
63571304,1,"Hay personas presentes",261
63571304,2,"No hay personas presentes",13
63571305,1,"Hay personas presentes",297
63571305,2,"No hay personas presentes",9
63571306,1,"Hay personas presentes",432
63571306,2,"No hay personas presentes",2
63571307,1,"Hay personas presentes",366
63571307,2,"No hay personas presentes",28
63571308,1,"Hay personas presentes",281
63571308,2,"No hay personas presentes",2
63571309,1,"Hay personas presentes",214
63571309,2,"No hay personas presentes",2
63571310,1,"Hay personas presentes",75
63571310,2,"No hay personas presentes",4
63571401,1,"Hay personas presentes",351
63571401,2,"No hay personas presentes",15
63571402,1,"Hay personas presentes",422
63571402,2,"No hay personas presentes",51
63571403,1,"Hay personas presentes",426
63571403,2,"No hay personas presentes",21
63571404,1,"Hay personas presentes",380
63571404,2,"No hay personas presentes",64
63571405,1,"Hay personas presentes",265
63571405,2,"No hay personas presentes",63
63571406,1,"Hay personas presentes",325
63571406,2,"No hay personas presentes",77
63571407,1,"Hay personas presentes",396
63571407,2,"No hay personas presentes",60
63571408,1,"Hay personas presentes",344
63571408,2,"No hay personas presentes",24
63571409,1,"Hay personas presentes",308
63571409,2,"No hay personas presentes",33
63571501,1,"Hay personas presentes",235
63571501,2,"No hay personas presentes",69
63571502,1,"Hay personas presentes",235
63571502,2,"No hay personas presentes",44
63571503,1,"Hay personas presentes",296
63571503,2,"No hay personas presentes",28
63571504,1,"Hay personas presentes",206
63571504,2,"No hay personas presentes",19
63571505,1,"Hay personas presentes",487
63571505,2,"No hay personas presentes",11
63571506,1,"Hay personas presentes",279
63571506,2,"No hay personas presentes",62
63571507,1,"Hay personas presentes",578
63571507,2,"No hay personas presentes",93
63571508,1,"Hay personas presentes",412
63571508,2,"No hay personas presentes",48
63571509,1,"Hay personas presentes",411
63571509,2,"No hay personas presentes",35
63571510,1,"Hay personas presentes",361
63571510,2,"No hay personas presentes",55
63571511,1,"Hay personas presentes",176
63571511,2,"No hay personas presentes",19
63571512,1,"Hay personas presentes",181
63571512,2,"No hay personas presentes",15
63571513,1,"Hay personas presentes",206
63571513,2,"No hay personas presentes",24
63571514,1,"Hay personas presentes",82
63571514,2,"No hay personas presentes",21
63571601,1,"Hay personas presentes",385
63571601,2,"No hay personas presentes",118
63571602,1,"Hay personas presentes",289
63571602,2,"No hay personas presentes",58
63571603,1,"Hay personas presentes",367
63571603,2,"No hay personas presentes",115
63571604,1,"Hay personas presentes",267
63571604,2,"No hay personas presentes",67
63571605,1,"Hay personas presentes",264
63571605,2,"No hay personas presentes",38
63571606,1,"Hay personas presentes",267
63571606,2,"No hay personas presentes",46
63571607,1,"Hay personas presentes",208
63571607,2,"No hay personas presentes",48
63571608,1,"Hay personas presentes",266
63571608,2,"No hay personas presentes",75
63571609,1,"Hay personas presentes",163
63571609,2,"No hay personas presentes",77
63571610,1,"Hay personas presentes",198
63571610,2,"No hay personas presentes",70
63571611,1,"Hay personas presentes",265
63571611,2,"No hay personas presentes",37
63571612,1,"Hay personas presentes",199
63571612,2,"No hay personas presentes",29
63571613,1,"Hay personas presentes",239
63571613,2,"No hay personas presentes",60
63571614,1,"Hay personas presentes",153
63571614,2,"No hay personas presentes",25
63571701,1,"Hay personas presentes",358
63571701,2,"No hay personas presentes",51
63571702,1,"Hay personas presentes",188
63571702,2,"No hay personas presentes",17
63571703,1,"Hay personas presentes",237
63571703,2,"No hay personas presentes",25
63571704,1,"Hay personas presentes",209
63571704,2,"No hay personas presentes",69
63571705,1,"Hay personas presentes",383
63571705,2,"No hay personas presentes",31
63571706,1,"Hay personas presentes",233
63571706,2,"No hay personas presentes",50
63571707,1,"Hay personas presentes",234
63571707,2,"No hay personas presentes",50
63571708,1,"Hay personas presentes",176
63571708,2,"No hay personas presentes",51
63571709,1,"Hay personas presentes",409
63571709,2,"No hay personas presentes",78
63571710,1,"Hay personas presentes",335
63571710,2,"No hay personas presentes",50
63571711,1,"Hay personas presentes",204
63571711,2,"No hay personas presentes",38
63571712,1,"Hay personas presentes",231
63571712,2,"No hay personas presentes",24
63571801,1,"Hay personas presentes",280
63571801,2,"No hay personas presentes",72
63571802,1,"Hay personas presentes",315
63571802,2,"No hay personas presentes",99
63571803,1,"Hay personas presentes",175
63571803,2,"No hay personas presentes",39
63571804,1,"Hay personas presentes",164
63571804,2,"No hay personas presentes",61
63571805,1,"Hay personas presentes",187
63571805,2,"No hay personas presentes",72
63571806,1,"Hay personas presentes",201
63571806,2,"No hay personas presentes",85
63571807,1,"Hay personas presentes",132
63571807,2,"No hay personas presentes",38
63571808,1,"Hay personas presentes",266
63571808,2,"No hay personas presentes",111
63571809,1,"Hay personas presentes",289
63571809,2,"No hay personas presentes",73
63571810,1,"Hay personas presentes",160
63571810,2,"No hay personas presentes",80
63571811,1,"Hay personas presentes",133
63571811,2,"No hay personas presentes",276
63571812,1,"Hay personas presentes",168
63571812,2,"No hay personas presentes",204
63571813,1,"Hay personas presentes",174
63571813,2,"No hay personas presentes",69
63571814,1,"Hay personas presentes",165
63571814,2,"No hay personas presentes",122
63571815,1,"Hay personas presentes",118
63571815,2,"No hay personas presentes",141
63571901,1,"Hay personas presentes",342
63571901,2,"No hay personas presentes",80
63571902,1,"Hay personas presentes",235
63571902,2,"No hay personas presentes",112
63571903,1,"Hay personas presentes",228
63571903,2,"No hay personas presentes",247
63571904,1,"Hay personas presentes",219
63571904,2,"No hay personas presentes",246
63571905,1,"Hay personas presentes",196
63571905,2,"No hay personas presentes",371
63571906,1,"Hay personas presentes",175
63571906,2,"No hay personas presentes",164
63571907,1,"Hay personas presentes",319
63571907,2,"No hay personas presentes",89
63571908,1,"Hay personas presentes",155
63571908,2,"No hay personas presentes",90
63571909,1,"Hay personas presentes",148
63571909,2,"No hay personas presentes",86
63571910,1,"Hay personas presentes",162
63571910,2,"No hay personas presentes",144
63571911,1,"Hay personas presentes",125
63571911,2,"No hay personas presentes",152
63571912,1,"Hay personas presentes",139
63571912,2,"No hay personas presentes",111
63571913,1,"Hay personas presentes",130
63571913,2,"No hay personas presentes",104
63572001,1,"Hay personas presentes",273
63572001,2,"No hay personas presentes",208
63572002,1,"Hay personas presentes",418
63572002,2,"No hay personas presentes",307
63572003,1,"Hay personas presentes",218
63572003,2,"No hay personas presentes",167
63572004,1,"Hay personas presentes",192
63572004,2,"No hay personas presentes",179
63572005,1,"Hay personas presentes",133
63572005,2,"No hay personas presentes",110
63572006,1,"Hay personas presentes",149
63572006,2,"No hay personas presentes",205
63572007,1,"Hay personas presentes",240
63572007,2,"No hay personas presentes",208
63572008,1,"Hay personas presentes",48
63572008,2,"No hay personas presentes",112
63572009,1,"Hay personas presentes",130
63572009,2,"No hay personas presentes",199
63572101,1,"Hay personas presentes",154
63572101,2,"No hay personas presentes",74
63572102,1,"Hay personas presentes",223
63572102,2,"No hay personas presentes",191
63572103,1,"Hay personas presentes",228
63572103,2,"No hay personas presentes",18
63572104,1,"Hay personas presentes",199
63572104,2,"No hay personas presentes",27
63572105,1,"Hay personas presentes",172
63572105,2,"No hay personas presentes",67
63572106,1,"Hay personas presentes",204
63572106,2,"No hay personas presentes",174
63572107,1,"Hay personas presentes",231
63572107,2,"No hay personas presentes",134
63572108,1,"Hay personas presentes",246
63572108,2,"No hay personas presentes",33
63572109,1,"Hay personas presentes",126
63572109,2,"No hay personas presentes",114
63572110,1,"Hay personas presentes",158
63572110,2,"No hay personas presentes",78
63572111,1,"Hay personas presentes",89
63572111,2,"No hay personas presentes",67
63572201,1,"Hay personas presentes",240
63572201,2,"No hay personas presentes",131
63572202,1,"Hay personas presentes",151
63572202,2,"No hay personas presentes",113
63572203,1,"Hay personas presentes",180
63572203,2,"No hay personas presentes",149
63572204,1,"Hay personas presentes",216
63572204,2,"No hay personas presentes",220
63572205,1,"Hay personas presentes",259
63572205,2,"No hay personas presentes",137
63572206,1,"Hay personas presentes",156
63572206,2,"No hay personas presentes",78
63572207,1,"Hay personas presentes",265
63572207,2,"No hay personas presentes",89
63572208,1,"Hay personas presentes",240
63572208,2,"No hay personas presentes",145
63572209,1,"Hay personas presentes",268
63572209,2,"No hay personas presentes",129
63572210,1,"Hay personas presentes",220
63572210,2,"No hay personas presentes",110
63572211,1,"Hay personas presentes",165
63572211,2,"No hay personas presentes",191
63572212,1,"Hay personas presentes",224
63572212,2,"No hay personas presentes",199
63572213,1,"Hay personas presentes",184
63572213,2,"No hay personas presentes",153
63572214,1,"Hay personas presentes",206
63572214,2,"No hay personas presentes",193
63572215,1,"Hay personas presentes",78
63572215,2,"No hay personas presentes",102
63572216,1,"Hay personas presentes",154
63572216,2,"No hay personas presentes",109
63572301,1,"Hay personas presentes",105
63572301,2,"No hay personas presentes",86
63572302,1,"Hay personas presentes",52
63572302,2,"No hay personas presentes",9
63572303,1,"Hay personas presentes",185
63572303,2,"No hay personas presentes",251
63572304,1,"Hay personas presentes",153
63572304,2,"No hay personas presentes",129
63572305,1,"Hay personas presentes",225
63572305,2,"No hay personas presentes",249
63572306,1,"Hay personas presentes",134
63572306,2,"No hay personas presentes",145
63572307,1,"Hay personas presentes",11
63572307,2,"No hay personas presentes",219
63572308,1,"Hay personas presentes",161
63572308,2,"No hay personas presentes",346
63572309,1,"Hay personas presentes",209
63572309,2,"No hay personas presentes",514
63572310,1,"Hay personas presentes",73
63572310,2,"No hay personas presentes",255
63572311,1,"Hay personas presentes",125
63572311,2,"No hay personas presentes",114
63572401,1,"Hay personas presentes",77
63572401,2,"No hay personas presentes",242
63572402,1,"Hay personas presentes",90
63572402,2,"No hay personas presentes",246
63572403,1,"Hay personas presentes",240
63572403,2,"No hay personas presentes",525
63572404,1,"Hay personas presentes",151
63572404,2,"No hay personas presentes",352
63572405,1,"Hay personas presentes",268
63572405,2,"No hay personas presentes",385
63572501,1,"Hay personas presentes",736
63572501,2,"No hay personas presentes",356
63572502,1,"Hay personas presentes",288
63572502,2,"No hay personas presentes",830
63572503,1,"Hay personas presentes",190
63572503,2,"No hay personas presentes",582
63572601,1,"Hay personas presentes",287
63572601,2,"No hay personas presentes",282
63572602,1,"Hay personas presentes",335
63572602,2,"No hay personas presentes",402
63572603,1,"Hay personas presentes",394
63572603,2,"No hay personas presentes",508
63572604,1,"Hay personas presentes",269
63572604,2,"No hay personas presentes",509
63572701,1,"Hay personas presentes",179
63572701,2,"No hay personas presentes",216
63572702,1,"Hay personas presentes",188
63572702,2,"No hay personas presentes",296
63572703,1,"Hay personas presentes",256
63572703,2,"No hay personas presentes",308
63572704,1,"Hay personas presentes",178
63572704,2,"No hay personas presentes",328
63572705,1,"Hay personas presentes",282
63572705,2,"No hay personas presentes",549
63572801,1,"Hay personas presentes",290
63572801,2,"No hay personas presentes",605
63572802,1,"Hay personas presentes",211
63572802,2,"No hay personas presentes",561
63572803,1,"Hay personas presentes",181
63572803,2,"No hay personas presentes",278
63572804,1,"Hay personas presentes",137
63572804,2,"No hay personas presentes",221
63572805,1,"Hay personas presentes",244
63572805,2,"No hay personas presentes",401
63572806,1,"Hay personas presentes",193
63572806,2,"No hay personas presentes",372
63572901,1,"Hay personas presentes",213
63572901,2,"No hay personas presentes",220
63572902,1,"Hay personas presentes",139
63572902,2,"No hay personas presentes",155
63572903,1,"Hay personas presentes",159
63572903,2,"No hay personas presentes",164
63572904,1,"Hay personas presentes",211
63572904,2,"No hay personas presentes",244
63572905,1,"Hay personas presentes",100
63572905,2,"No hay personas presentes",37
63572906,1,"Hay personas presentes",267
63572906,2,"No hay personas presentes",390
63573001,1,"Hay personas presentes",172
63573001,2,"No hay personas presentes",262
63573002,1,"Hay personas presentes",235
63573002,2,"No hay personas presentes",137
63573003,1,"Hay personas presentes",108
63573003,2,"No hay personas presentes",50
63573004,1,"Hay personas presentes",221
63573004,2,"No hay personas presentes",154
63573005,1,"Hay personas presentes",232
63573005,2,"No hay personas presentes",101
63573006,1,"Hay personas presentes",269
63573006,2,"No hay personas presentes",120
63573007,1,"Hay personas presentes",146
63573007,2,"No hay personas presentes",131
63573008,1,"Hay personas presentes",128
63573008,2,"No hay personas presentes",88
63573009,1,"Hay personas presentes",219
63573009,2,"No hay personas presentes",146
63573010,1,"Hay personas presentes",190
63573010,2,"No hay personas presentes",217
63573011,1,"Hay personas presentes",253
63573011,2,"No hay personas presentes",254
63573101,1,"Hay personas presentes",283
63573101,2,"No hay personas presentes",212
63573102,1,"Hay personas presentes",273
63573102,2,"No hay personas presentes",165
63573103,1,"Hay personas presentes",207
63573103,2,"No hay personas presentes",105
63573104,1,"Hay personas presentes",156
63573104,2,"No hay personas presentes",68
63573105,1,"Hay personas presentes",263
63573105,2,"No hay personas presentes",179
63573106,1,"Hay personas presentes",216
63573106,2,"No hay personas presentes",170
63573107,1,"Hay personas presentes",368
63573107,2,"No hay personas presentes",307
63573108,1,"Hay personas presentes",67
63573108,2,"No hay personas presentes",60
63573109,1,"Hay personas presentes",324
63573109,2,"No hay personas presentes",294
63573110,1,"Hay personas presentes",305
63573110,2,"No hay personas presentes",280
63573201,1,"Hay personas presentes",279
63573201,2,"No hay personas presentes",25
63573202,1,"Hay personas presentes",284
63573202,2,"No hay personas presentes",125
63573203,1,"Hay personas presentes",337
63573203,2,"No hay personas presentes",147
63573204,1,"Hay personas presentes",185
63573204,2,"No hay personas presentes",100
63573205,1,"Hay personas presentes",151
63573205,2,"No hay personas presentes",70
63573206,1,"Hay personas presentes",231
63573206,2,"No hay personas presentes",88
63573207,1,"Hay personas presentes",197
63573207,2,"No hay personas presentes",76
63573208,1,"Hay personas presentes",144
63573208,2,"No hay personas presentes",67
63573209,1,"Hay personas presentes",311
63573209,2,"No hay personas presentes",107
63573210,1,"Hay personas presentes",322
63573210,2,"No hay personas presentes",61
63573211,1,"Hay personas presentes",158
63573211,2,"No hay personas presentes",39
63573212,1,"Hay personas presentes",95
63573212,2,"No hay personas presentes",129
63573301,1,"Hay personas presentes",306
63573301,2,"No hay personas presentes",107
63573302,1,"Hay personas presentes",207
63573302,2,"No hay personas presentes",28
63573303,1,"Hay personas presentes",336
63573303,2,"No hay personas presentes",114
63573304,1,"Hay personas presentes",211
63573304,2,"No hay personas presentes",66
63573305,1,"Hay personas presentes",302
63573305,2,"No hay personas presentes",51
63573306,1,"Hay personas presentes",300
63573306,2,"No hay personas presentes",161
63573307,1,"Hay personas presentes",100
63573307,2,"No hay personas presentes",66
63573308,1,"Hay personas presentes",240
63573308,2,"No hay personas presentes",85
63573309,1,"Hay personas presentes",291
63573309,2,"No hay personas presentes",98
63573310,1,"Hay personas presentes",214
63573310,2,"No hay personas presentes",94
63573311,1,"Hay personas presentes",264
63573311,2,"No hay personas presentes",40
63573312,1,"Hay personas presentes",164
63573312,2,"No hay personas presentes",40
63573313,1,"Hay personas presentes",139
63573313,2,"No hay personas presentes",69
63573314,1,"Hay personas presentes",215
63573314,2,"No hay personas presentes",140
63573315,1,"Hay personas presentes",89
63573315,2,"No hay personas presentes",85
63573401,1,"Hay personas presentes",234
63573401,2,"No hay personas presentes",29
63573402,1,"Hay personas presentes",242
63573402,2,"No hay personas presentes",89
63573403,1,"Hay personas presentes",192
63573403,2,"No hay personas presentes",102
63573404,1,"Hay personas presentes",444
63573404,2,"No hay personas presentes",422
63573405,1,"Hay personas presentes",346
63573405,2,"No hay personas presentes",86
63573406,1,"Hay personas presentes",195
63573406,2,"No hay personas presentes",151
63573407,1,"Hay personas presentes",250
63573407,2,"No hay personas presentes",143
63573408,1,"Hay personas presentes",98
63573408,2,"No hay personas presentes",124
63573501,1,"Hay personas presentes",322
63573501,2,"No hay personas presentes",492
63573502,1,"Hay personas presentes",361
63573502,2,"No hay personas presentes",440
63573503,1,"Hay personas presentes",240
63573503,2,"No hay personas presentes",176
63573504,1,"Hay personas presentes",276
63573504,2,"No hay personas presentes",197
63573505,1,"Hay personas presentes",206
63573505,2,"No hay personas presentes",87
63573506,1,"Hay personas presentes",244
63573506,2,"No hay personas presentes",215
63573507,1,"Hay personas presentes",217
63573507,2,"No hay personas presentes",115
63573508,1,"Hay personas presentes",329
63573508,2,"No hay personas presentes",357
63573509,1,"Hay personas presentes",318
63573509,2,"No hay personas presentes",230
63573510,1,"Hay personas presentes",162
63573510,2,"No hay personas presentes",203
63573511,1,"Hay personas presentes",164
63573511,2,"No hay personas presentes",49
63573512,1,"Hay personas presentes",123
63573512,2,"No hay personas presentes",85
63573601,1,"Hay personas presentes",271
63573601,2,"No hay personas presentes",315
63573602,1,"Hay personas presentes",276
63573602,2,"No hay personas presentes",324
63573603,1,"Hay personas presentes",277
63573603,2,"No hay personas presentes",364
63573604,1,"Hay personas presentes",349
63573604,2,"No hay personas presentes",663
63573605,1,"Hay personas presentes",69
63573605,2,"No hay personas presentes",178
63573701,1,"Hay personas presentes",151
63573701,2,"No hay personas presentes",121
63573702,1,"Hay personas presentes",236
63573702,2,"No hay personas presentes",238
63573703,1,"Hay personas presentes",240
63573703,2,"No hay personas presentes",345
63573704,1,"Hay personas presentes",155
63573704,2,"No hay personas presentes",60
63573705,1,"Hay personas presentes",184
63573705,2,"No hay personas presentes",247
63573706,1,"Hay personas presentes",314
63573706,2,"No hay personas presentes",430
63573707,1,"Hay personas presentes",268
63573707,2,"No hay personas presentes",405
63573708,1,"Hay personas presentes",173
63573708,2,"No hay personas presentes",217
63573709,1,"Hay personas presentes",185
63573709,2,"No hay personas presentes",137
63573801,1,"Hay personas presentes",278
63573801,2,"No hay personas presentes",624
63573802,1,"Hay personas presentes",258
63573802,2,"No hay personas presentes",313
63573803,1,"Hay personas presentes",304
63573803,2,"No hay personas presentes",486
63573804,1,"Hay personas presentes",362
63573804,2,"No hay personas presentes",644
63573901,1,"Hay personas presentes",273
63573901,2,"No hay personas presentes",411
63573902,1,"Hay personas presentes",208
63573902,2,"No hay personas presentes",302
63573903,1,"Hay personas presentes",241
63573903,2,"No hay personas presentes",235
63573904,1,"Hay personas presentes",289
63573904,2,"No hay personas presentes",336
63573905,1,"Hay personas presentes",193
63573905,2,"No hay personas presentes",214
63573906,1,"Hay personas presentes",111
63573906,2,"No hay personas presentes",170
63573907,1,"Hay personas presentes",225
63573907,2,"No hay personas presentes",237
63573908,1,"Hay personas presentes",216
63573908,2,"No hay personas presentes",159
63573909,1,"Hay personas presentes",115
63573909,2,"No hay personas presentes",62
63574001,1,"Hay personas presentes",44
63574001,2,"No hay personas presentes",133
63574002,1,"Hay personas presentes",176
63574002,2,"No hay personas presentes",352
63574003,1,"Hay personas presentes",197
63574003,2,"No hay personas presentes",475
63574004,1,"Hay personas presentes",283
63574004,2,"No hay personas presentes",582
63574005,1,"Hay personas presentes",318
63574005,2,"No hay personas presentes",677
63574006,1,"Hay personas presentes",216
63574006,2,"No hay personas presentes",477
63574007,1,"Hay personas presentes",375
63574007,2,"No hay personas presentes",777
63574008,1,"Hay personas presentes",238
63574008,2,"No hay personas presentes",447
63574101,1,"Hay personas presentes",112
63574101,2,"No hay personas presentes",401
63574102,1,"Hay personas presentes",204
63574102,2,"No hay personas presentes",539
63574103,1,"Hay personas presentes",342
63574103,2,"No hay personas presentes",770
63574104,1,"Hay personas presentes",301
63574104,2,"No hay personas presentes",665
63574105,1,"Hay personas presentes",293
63574105,2,"No hay personas presentes",804
63574106,1,"Hay personas presentes",70
63574106,2,"No hay personas presentes",226
63574107,1,"Hay personas presentes",64
63574107,2,"No hay personas presentes",211
63574108,1,"Hay personas presentes",114
63574108,2,"No hay personas presentes",197
63574201,1,"Hay personas presentes",215
63574201,2,"No hay personas presentes",427
63574202,1,"Hay personas presentes",133
63574202,2,"No hay personas presentes",121
63574203,1,"Hay personas presentes",132
63574203,2,"No hay personas presentes",190
63574204,1,"Hay personas presentes",108
63574204,2,"No hay personas presentes",189
63574205,1,"Hay personas presentes",191
63574205,2,"No hay personas presentes",187
63574206,1,"Hay personas presentes",217
63574206,2,"No hay personas presentes",262
63574207,1,"Hay personas presentes",128
63574207,2,"No hay personas presentes",158
63574301,1,"Hay personas presentes",121
63574301,2,"No hay personas presentes",240
63574302,1,"Hay personas presentes",113
63574302,2,"No hay personas presentes",133
63574303,1,"Hay personas presentes",185
63574303,2,"No hay personas presentes",209
63574304,1,"Hay personas presentes",214
63574304,2,"No hay personas presentes",175
63574305,1,"Hay personas presentes",104
63574305,2,"No hay personas presentes",194
63574306,1,"Hay personas presentes",140
63574306,2,"No hay personas presentes",168
63574307,1,"Hay personas presentes",193
63574307,2,"No hay personas presentes",197
63574308,1,"Hay personas presentes",67
63574308,2,"No hay personas presentes",203
63574309,1,"Hay personas presentes",128
63574309,2,"No hay personas presentes",214
63574310,1,"Hay personas presentes",127
63574310,2,"No hay personas presentes",419
63574311,1,"Hay personas presentes",106
63574311,2,"No hay personas presentes",195
63574312,1,"Hay personas presentes",143
63574312,2,"No hay personas presentes",279
63574401,1,"Hay personas presentes",262
63574401,2,"No hay personas presentes",56
63574402,1,"Hay personas presentes",245
63574402,2,"No hay personas presentes",57
63574403,1,"Hay personas presentes",263
63574403,2,"No hay personas presentes",54
63574404,1,"Hay personas presentes",281
63574404,2,"No hay personas presentes",16
63574405,1,"Hay personas presentes",288
63574405,2,"No hay personas presentes",200
63574406,1,"Hay personas presentes",189
63574406,2,"No hay personas presentes",285
63574407,1,"Hay personas presentes",212
63574407,2,"No hay personas presentes",175
63574408,1,"Hay personas presentes",188
63574408,2,"No hay personas presentes",73
63574409,1,"Hay personas presentes",158
63574409,2,"No hay personas presentes",305
63574501,1,"Hay personas presentes",259
63574501,2,"No hay personas presentes",81
63574502,1,"Hay personas presentes",150
63574502,2,"No hay personas presentes",79
63574503,1,"Hay personas presentes",221
63574503,2,"No hay personas presentes",75
63574504,1,"Hay personas presentes",186
63574504,2,"No hay personas presentes",97
63574505,1,"Hay personas presentes",197
63574505,2,"No hay personas presentes",80
63574506,1,"Hay personas presentes",195
63574506,2,"No hay personas presentes",49
63574507,1,"Hay personas presentes",213
63574507,2,"No hay personas presentes",55
63574508,1,"Hay personas presentes",192
63574508,2,"No hay personas presentes",135
63574509,1,"Hay personas presentes",232
63574509,2,"No hay personas presentes",70
63574510,1,"Hay personas presentes",188
63574510,2,"No hay personas presentes",160
63574511,1,"Hay personas presentes",145
63574511,2,"No hay personas presentes",67
63574512,1,"Hay personas presentes",200
63574512,2,"No hay personas presentes",100
63574601,1,"Hay personas presentes",216
63574601,2,"No hay personas presentes",56
63574602,1,"Hay personas presentes",175
63574602,2,"No hay personas presentes",11
63574603,1,"Hay personas presentes",338
63574603,2,"No hay personas presentes",44
63574604,1,"Hay personas presentes",190
63574604,2,"No hay personas presentes",30
63574605,1,"Hay personas presentes",147
63574605,2,"No hay personas presentes",17
63574606,1,"Hay personas presentes",305
63574606,2,"No hay personas presentes",35
63574607,1,"Hay personas presentes",225
63574607,2,"No hay personas presentes",41
63574608,1,"Hay personas presentes",252
63574608,2,"No hay personas presentes",23
63574609,1,"Hay personas presentes",281
63574609,2,"No hay personas presentes",47
63574610,1,"Hay personas presentes",242
63574610,2,"No hay personas presentes",12
63574611,1,"Hay personas presentes",270
63574611,2,"No hay personas presentes",41
63574612,1,"Hay personas presentes",261
63574612,2,"No hay personas presentes",23
63574613,1,"Hay personas presentes",262
63574613,2,"No hay personas presentes",23
63574614,1,"Hay personas presentes",121
63574701,1,"Hay personas presentes",347
63574701,2,"No hay personas presentes",34
63574702,1,"Hay personas presentes",299
63574702,2,"No hay personas presentes",76
63574703,1,"Hay personas presentes",364
63574703,2,"No hay personas presentes",65
63574704,1,"Hay personas presentes",292
63574704,2,"No hay personas presentes",24
63574705,1,"Hay personas presentes",202
63574705,2,"No hay personas presentes",39
63574706,1,"Hay personas presentes",282
63574706,2,"No hay personas presentes",55
63574707,1,"Hay personas presentes",243
63574707,2,"No hay personas presentes",61
63574708,1,"Hay personas presentes",175
63574708,2,"No hay personas presentes",10
63574709,1,"Hay personas presentes",281
63574709,2,"No hay personas presentes",82
63574710,1,"Hay personas presentes",260
63574710,2,"No hay personas presentes",99
63574711,1,"Hay personas presentes",195
63574711,2,"No hay personas presentes",80
63574712,1,"Hay personas presentes",179
63574712,2,"No hay personas presentes",65
63574713,1,"Hay personas presentes",199
63574713,2,"No hay personas presentes",31
63574801,1,"Hay personas presentes",189
63574801,2,"No hay personas presentes",91
63574802,1,"Hay personas presentes",403
63574802,2,"No hay personas presentes",100
63574803,1,"Hay personas presentes",334
63574803,2,"No hay personas presentes",52
63574804,1,"Hay personas presentes",147
63574804,2,"No hay personas presentes",45
63574805,1,"Hay personas presentes",179
63574805,2,"No hay personas presentes",19
63574806,1,"Hay personas presentes",203
63574806,2,"No hay personas presentes",45
63574807,1,"Hay personas presentes",255
63574807,2,"No hay personas presentes",38
63574808,1,"Hay personas presentes",199
63574808,2,"No hay personas presentes",76
63574809,1,"Hay personas presentes",181
63574809,2,"No hay personas presentes",67
63574810,1,"Hay personas presentes",223
63574810,2,"No hay personas presentes",70
63574811,1,"Hay personas presentes",316
63574811,2,"No hay personas presentes",74
63574812,1,"Hay personas presentes",207
63574812,2,"No hay personas presentes",39
63574813,1,"Hay personas presentes",221
63574813,2,"No hay personas presentes",68
63574814,1,"Hay personas presentes",267
63574814,2,"No hay personas presentes",51
63574815,1,"Hay personas presentes",244
63574815,2,"No hay personas presentes",51
63574816,1,"Hay personas presentes",199
63574816,2,"No hay personas presentes",64
63574817,1,"Hay personas presentes",150
63574817,2,"No hay personas presentes",61
63574901,1,"Hay personas presentes",270
63574901,2,"No hay personas presentes",44
63574902,1,"Hay personas presentes",338
63574902,2,"No hay personas presentes",63
63574903,1,"Hay personas presentes",243
63574903,2,"No hay personas presentes",83
63574904,1,"Hay personas presentes",223
63574904,2,"No hay personas presentes",88
63574905,1,"Hay personas presentes",291
63574905,2,"No hay personas presentes",146
63574906,1,"Hay personas presentes",318
63574906,2,"No hay personas presentes",95
63574907,1,"Hay personas presentes",316
63574907,2,"No hay personas presentes",105
63574908,1,"Hay personas presentes",298
63574908,2,"No hay personas presentes",60
63575001,1,"Hay personas presentes",295
63575001,2,"No hay personas presentes",18
63575002,1,"Hay personas presentes",293
63575002,2,"No hay personas presentes",111
63575003,1,"Hay personas presentes",313
63575003,2,"No hay personas presentes",108
63575004,1,"Hay personas presentes",345
63575004,2,"No hay personas presentes",32
63575005,1,"Hay personas presentes",375
63575005,2,"No hay personas presentes",68
63575006,1,"Hay personas presentes",380
63575006,2,"No hay personas presentes",149
63575007,1,"Hay personas presentes",131
63575007,2,"No hay personas presentes",66
63575008,1,"Hay personas presentes",465
63575008,2,"No hay personas presentes",48
63575009,1,"Hay personas presentes",514
63575009,2,"No hay personas presentes",72
63575010,1,"Hay personas presentes",266
63575010,2,"No hay personas presentes",53
63575011,1,"Hay personas presentes",201
63575011,2,"No hay personas presentes",4
63575012,1,"Hay personas presentes",369
63575012,2,"No hay personas presentes",27
63575013,1,"Hay personas presentes",212
63575013,2,"No hay personas presentes",26
63575014,1,"Hay personas presentes",220
63575014,2,"No hay personas presentes",16
63575015,1,"Hay personas presentes",267
63575015,2,"No hay personas presentes",14
63575101,1,"Hay personas presentes",308
63575101,2,"No hay personas presentes",21
63575102,1,"Hay personas presentes",367
63575102,2,"No hay personas presentes",9
63575103,1,"Hay personas presentes",344
63575103,2,"No hay personas presentes",39
63575104,1,"Hay personas presentes",335
63575104,2,"No hay personas presentes",20
63575105,1,"Hay personas presentes",356
63575105,2,"No hay personas presentes",29
63575106,1,"Hay personas presentes",342
63575106,2,"No hay personas presentes",5
63575107,1,"Hay personas presentes",347
63575107,2,"No hay personas presentes",1
63575108,1,"Hay personas presentes",277
63575109,1,"Hay personas presentes",250
63575109,2,"No hay personas presentes",25
63575110,1,"Hay personas presentes",220
63575110,2,"No hay personas presentes",28
63575201,1,"Hay personas presentes",514
63575201,2,"No hay personas presentes",1
63575202,1,"Hay personas presentes",401
63575202,2,"No hay personas presentes",3
63575203,1,"Hay personas presentes",424
63575203,2,"No hay personas presentes",35
63575204,1,"Hay personas presentes",397
63575204,2,"No hay personas presentes",18
63575205,1,"Hay personas presentes",320
63575205,2,"No hay personas presentes",17
63575206,1,"Hay personas presentes",211
63575206,2,"No hay personas presentes",6
63575207,1,"Hay personas presentes",376
63575207,2,"No hay personas presentes",8
63575208,1,"Hay personas presentes",257
63575208,2,"No hay personas presentes",8
63575301,1,"Hay personas presentes",400
63575301,2,"No hay personas presentes",17
63575302,1,"Hay personas presentes",408
63575302,2,"No hay personas presentes",13
63575303,1,"Hay personas presentes",416
63575303,2,"No hay personas presentes",31
63575304,1,"Hay personas presentes",362
63575304,2,"No hay personas presentes",25
63575305,1,"Hay personas presentes",193
63575306,1,"Hay personas presentes",224
63575306,2,"No hay personas presentes",12
63575307,1,"Hay personas presentes",255
63575307,2,"No hay personas presentes",8
63575308,1,"Hay personas presentes",230
63575308,2,"No hay personas presentes",10
63575309,1,"Hay personas presentes",360
63575309,2,"No hay personas presentes",48
63575310,1,"Hay personas presentes",307
63575310,2,"No hay personas presentes",24
63575311,1,"Hay personas presentes",268
63575311,2,"No hay personas presentes",17
63575401,1,"Hay personas presentes",278
63575401,2,"No hay personas presentes",25
63575402,1,"Hay personas presentes",338
63575402,2,"No hay personas presentes",19
63575403,1,"Hay personas presentes",384
63575403,2,"No hay personas presentes",22
63575404,1,"Hay personas presentes",402
63575404,2,"No hay personas presentes",17
63575405,1,"Hay personas presentes",329
63575405,2,"No hay personas presentes",9
63575406,1,"Hay personas presentes",254
63575406,2,"No hay personas presentes",29
63575407,1,"Hay personas presentes",272
63575407,2,"No hay personas presentes",25
63575408,1,"Hay personas presentes",226
63575408,2,"No hay personas presentes",34
63575501,1,"Hay personas presentes",225
63575501,2,"No hay personas presentes",47
63575502,1,"Hay personas presentes",328
63575502,2,"No hay personas presentes",52
63575503,1,"Hay personas presentes",218
63575503,2,"No hay personas presentes",10
63575504,1,"Hay personas presentes",233
63575504,2,"No hay personas presentes",41
63575505,1,"Hay personas presentes",198
63575505,2,"No hay personas presentes",13
63575506,1,"Hay personas presentes",262
63575506,2,"No hay personas presentes",27
63575507,1,"Hay personas presentes",263
63575507,2,"No hay personas presentes",13
63575508,1,"Hay personas presentes",282
63575508,2,"No hay personas presentes",28
63575509,1,"Hay personas presentes",239
63575509,2,"No hay personas presentes",30
63575510,1,"Hay personas presentes",237
63575510,2,"No hay personas presentes",36
63575511,1,"Hay personas presentes",237
63575511,2,"No hay personas presentes",25
63575601,1,"Hay personas presentes",377
63575601,2,"No hay personas presentes",68
63575602,1,"Hay personas presentes",429
63575602,2,"No hay personas presentes",37
63575603,1,"Hay personas presentes",358
63575603,2,"No hay personas presentes",87
63575604,1,"Hay personas presentes",266
63575604,2,"No hay personas presentes",47
63575605,1,"Hay personas presentes",211
63575605,2,"No hay personas presentes",60
63575606,1,"Hay personas presentes",319
63575606,2,"No hay personas presentes",51
63575607,1,"Hay personas presentes",371
63575607,2,"No hay personas presentes",86
63575608,1,"Hay personas presentes",332
63575608,2,"No hay personas presentes",20
63575609,1,"Hay personas presentes",272
63575609,2,"No hay personas presentes",40
63575610,1,"Hay personas presentes",193
63575610,2,"No hay personas presentes",24
63575611,1,"Hay personas presentes",203
63575611,2,"No hay personas presentes",38
63575612,1,"Hay personas presentes",331
63575612,2,"No hay personas presentes",60
63575613,1,"Hay personas presentes",237
63575613,2,"No hay personas presentes",52
63575614,1,"Hay personas presentes",177
63575614,2,"No hay personas presentes",33
63575615,1,"Hay personas presentes",209
63575615,2,"No hay personas presentes",41
63575701,1,"Hay personas presentes",343
63575701,2,"No hay personas presentes",11
63575702,1,"Hay personas presentes",368
63575702,2,"No hay personas presentes",16
63575703,1,"Hay personas presentes",267
63575703,2,"No hay personas presentes",3
63575704,1,"Hay personas presentes",212
63575704,2,"No hay personas presentes",15
63575705,1,"Hay personas presentes",198
63575705,2,"No hay personas presentes",38
63575706,1,"Hay personas presentes",327
63575706,2,"No hay personas presentes",19
63575707,1,"Hay personas presentes",276
63575707,2,"No hay personas presentes",15
63575708,1,"Hay personas presentes",172
63575708,2,"No hay personas presentes",4
63575709,1,"Hay personas presentes",424
63575709,2,"No hay personas presentes",26
63575710,1,"Hay personas presentes",201
63575710,2,"No hay personas presentes",6
63575711,1,"Hay personas presentes",255
63575711,2,"No hay personas presentes",4
63575712,1,"Hay personas presentes",166
63575712,2,"No hay personas presentes",32
63575801,1,"Hay personas presentes",238
63575801,2,"No hay personas presentes",15
63575802,1,"Hay personas presentes",401
63575802,2,"No hay personas presentes",32
63575803,1,"Hay personas presentes",223
63575803,2,"No hay personas presentes",39
63575804,1,"Hay personas presentes",317
63575804,2,"No hay personas presentes",13
63575805,1,"Hay personas presentes",350
63575805,2,"No hay personas presentes",56
63575806,1,"Hay personas presentes",364
63575806,2,"No hay personas presentes",34
63575807,1,"Hay personas presentes",330
63575807,2,"No hay personas presentes",22
63575808,1,"Hay personas presentes",185
63575808,2,"No hay personas presentes",5
63575809,1,"Hay personas presentes",260
63575809,2,"No hay personas presentes",13
63575901,1,"Hay personas presentes",417
63575901,2,"No hay personas presentes",23
63575902,1,"Hay personas presentes",381
63575902,2,"No hay personas presentes",85
63575903,1,"Hay personas presentes",288
63575903,2,"No hay personas presentes",116
63575904,1,"Hay personas presentes",306
63575904,2,"No hay personas presentes",42
63575905,1,"Hay personas presentes",335
63575905,2,"No hay personas presentes",21
63575906,1,"Hay personas presentes",278
63575906,2,"No hay personas presentes",14
63575907,1,"Hay personas presentes",355
63575907,2,"No hay personas presentes",4
63575908,1,"Hay personas presentes",352
63575908,2,"No hay personas presentes",59
63575909,1,"Hay personas presentes",218
63575909,2,"No hay personas presentes",18
63575910,1,"Hay personas presentes",217
63575910,2,"No hay personas presentes",46
63575911,1,"Hay personas presentes",350
63575911,2,"No hay personas presentes",40
63575912,1,"Hay personas presentes",180
63575912,2,"No hay personas presentes",15
63576001,1,"Hay personas presentes",335
63576001,2,"No hay personas presentes",54
63576002,1,"Hay personas presentes",278
63576002,2,"No hay personas presentes",44
63576003,1,"Hay personas presentes",307
63576003,2,"No hay personas presentes",46
63576004,1,"Hay personas presentes",205
63576004,2,"No hay personas presentes",29
63576005,1,"Hay personas presentes",301
63576005,2,"No hay personas presentes",37
63576006,1,"Hay personas presentes",162
63576006,2,"No hay personas presentes",30
63576007,1,"Hay personas presentes",339
63576007,2,"No hay personas presentes",70
63576008,1,"Hay personas presentes",319
63576008,2,"No hay personas presentes",59
63576009,1,"Hay personas presentes",236
63576009,2,"No hay personas presentes",7
63576010,1,"Hay personas presentes",243
63576010,2,"No hay personas presentes",5
63576011,1,"Hay personas presentes",250
63576011,2,"No hay personas presentes",1
63576012,1,"Hay personas presentes",217
63576012,2,"No hay personas presentes",48
63576101,1,"Hay personas presentes",356
63576101,2,"No hay personas presentes",50
63576102,1,"Hay personas presentes",175
63576102,2,"No hay personas presentes",15
63576103,1,"Hay personas presentes",165
63576103,2,"No hay personas presentes",7
63576104,1,"Hay personas presentes",309
63576104,2,"No hay personas presentes",45
63576105,1,"Hay personas presentes",301
63576105,2,"No hay personas presentes",6
63576106,1,"Hay personas presentes",208
63576106,2,"No hay personas presentes",52
63576107,1,"Hay personas presentes",179
63576107,2,"No hay personas presentes",32
63576108,1,"Hay personas presentes",20
63576108,2,"No hay personas presentes",1
63576109,1,"Hay personas presentes",235
63576109,2,"No hay personas presentes",26
63576110,1,"Hay personas presentes",201
63576110,2,"No hay personas presentes",48
63576111,1,"Hay personas presentes",219
63576111,2,"No hay personas presentes",70
63576112,1,"Hay personas presentes",88
63576112,2,"No hay personas presentes",14
63576113,1,"Hay personas presentes",264
63576113,2,"No hay personas presentes",110
63576114,1,"Hay personas presentes",232
63576114,2,"No hay personas presentes",46
63576115,1,"Hay personas presentes",156
63576115,2,"No hay personas presentes",4
63576116,1,"Hay personas presentes",220
63576116,2,"No hay personas presentes",102
63576201,1,"Hay personas presentes",335
63576201,2,"No hay personas presentes",32
63576202,1,"Hay personas presentes",198
63576202,2,"No hay personas presentes",17
63576203,1,"Hay personas presentes",173
63576203,2,"No hay personas presentes",41
63576204,1,"Hay personas presentes",310
63576204,2,"No hay personas presentes",60
63576205,1,"Hay personas presentes",313
63576205,2,"No hay personas presentes",45
63576206,1,"Hay personas presentes",274
63576206,2,"No hay personas presentes",68
63576207,1,"Hay personas presentes",246
63576207,2,"No hay personas presentes",42
63576208,1,"Hay personas presentes",98
63576208,2,"No hay personas presentes",44
63576209,1,"Hay personas presentes",287
63576209,2,"No hay personas presentes",59
63576210,1,"Hay personas presentes",104
63576210,2,"No hay personas presentes",71
63576211,1,"Hay personas presentes",166
63576211,2,"No hay personas presentes",81
63576212,1,"Hay personas presentes",179
63576212,2,"No hay personas presentes",81
63576301,1,"Hay personas presentes",3
63576301,2,"No hay personas presentes",24
63576302,1,"Hay personas presentes",127
63576302,2,"No hay personas presentes",189
63576303,1,"Hay personas presentes",158
63576303,2,"No hay personas presentes",250
63576304,1,"Hay personas presentes",143
63576304,2,"No hay personas presentes",145
63576305,1,"Hay personas presentes",182
63576305,2,"No hay personas presentes",249
63576306,1,"Hay personas presentes",102
63576306,2,"No hay personas presentes",178
63576307,1,"Hay personas presentes",105
63576307,2,"No hay personas presentes",186
63576308,1,"Hay personas presentes",127
63576308,2,"No hay personas presentes",333
63576309,1,"Hay personas presentes",138
63576309,2,"No hay personas presentes",241
63576401,1,"Hay personas presentes",266
63576401,2,"No hay personas presentes",8
63576402,1,"Hay personas presentes",297
63576402,2,"No hay personas presentes",28
63576403,1,"Hay personas presentes",313
63576403,2,"No hay personas presentes",17
63576404,1,"Hay personas presentes",352
63576404,2,"No hay personas presentes",52
63576405,1,"Hay personas presentes",306
63576405,2,"No hay personas presentes",62
63576406,1,"Hay personas presentes",203
63576406,2,"No hay personas presentes",100
63576407,1,"Hay personas presentes",241
63576407,2,"No hay personas presentes",122
63576408,1,"Hay personas presentes",199
63576408,2,"No hay personas presentes",92
63576409,1,"Hay personas presentes",124
63576409,2,"No hay personas presentes",127
63576410,1,"Hay personas presentes",103
63576410,2,"No hay personas presentes",125
63576411,1,"Hay personas presentes",161
63576411,2,"No hay personas presentes",221
63576412,1,"Hay personas presentes",217
63576412,2,"No hay personas presentes",29
63576413,1,"Hay personas presentes",259
63576413,2,"No hay personas presentes",8
63576501,1,"Hay personas presentes",179
63576501,2,"No hay personas presentes",42
63576502,1,"Hay personas presentes",262
63576502,2,"No hay personas presentes",96
63576503,1,"Hay personas presentes",1
63576504,1,"Hay personas presentes",211
63576504,2,"No hay personas presentes",42
63576505,1,"Hay personas presentes",233
63576505,2,"No hay personas presentes",51
63576506,1,"Hay personas presentes",211
63576506,2,"No hay personas presentes",36
63576507,1,"Hay personas presentes",292
63576507,2,"No hay personas presentes",59
63576508,1,"Hay personas presentes",407
63576508,2,"No hay personas presentes",32
63576509,1,"Hay personas presentes",160
63576509,2,"No hay personas presentes",101
63576510,1,"Hay personas presentes",225
63576510,2,"No hay personas presentes",61
63576511,1,"Hay personas presentes",211
63576511,2,"No hay personas presentes",67
63576512,1,"Hay personas presentes",277
63576512,2,"No hay personas presentes",102
63576513,1,"Hay personas presentes",91
63576513,2,"No hay personas presentes",161
63576514,1,"Hay personas presentes",156
63576514,2,"No hay personas presentes",103
63576515,1,"Hay personas presentes",210
63576515,2,"No hay personas presentes",89
63576516,1,"Hay personas presentes",187
63576516,2,"No hay personas presentes",19
63576601,1,"Hay personas presentes",305
63576601,2,"No hay personas presentes",40
63576602,1,"Hay personas presentes",223
63576602,2,"No hay personas presentes",3
63576603,1,"Hay personas presentes",172
63576603,2,"No hay personas presentes",10
63576604,1,"Hay personas presentes",325
63576604,2,"No hay personas presentes",57
63576605,1,"Hay personas presentes",246
63576605,2,"No hay personas presentes",10
63576606,1,"Hay personas presentes",329
63576606,2,"No hay personas presentes",16
63576607,1,"Hay personas presentes",284
63576607,2,"No hay personas presentes",12
63576608,1,"Hay personas presentes",246
63576608,2,"No hay personas presentes",17
63576609,1,"Hay personas presentes",166
63576609,2,"No hay personas presentes",17
63576701,1,"Hay personas presentes",205
63576701,2,"No hay personas presentes",31
63576702,1,"Hay personas presentes",353
63576702,2,"No hay personas presentes",14
63576703,1,"Hay personas presentes",348
63576703,2,"No hay personas presentes",33
63576704,1,"Hay personas presentes",350
63576704,2,"No hay personas presentes",13
63576705,1,"Hay personas presentes",289
63576705,2,"No hay personas presentes",15
63576706,1,"Hay personas presentes",248
63576706,2,"No hay personas presentes",7
63576707,1,"Hay personas presentes",402
63576707,2,"No hay personas presentes",12
63576708,1,"Hay personas presentes",247
63576708,2,"No hay personas presentes",6
63576709,1,"Hay personas presentes",302
63576709,2,"No hay personas presentes",5
63576710,1,"Hay personas presentes",397
63576710,2,"No hay personas presentes",7
63576711,1,"Hay personas presentes",359
63576711,2,"No hay personas presentes",13
63576712,1,"Hay personas presentes",335
63576712,2,"No hay personas presentes",17
63576713,1,"Hay personas presentes",229
63576714,1,"Hay personas presentes",250
63576714,2,"No hay personas presentes",5
63576715,1,"Hay personas presentes",465
63576715,2,"No hay personas presentes",4
63576801,1,"Hay personas presentes",484
63576801,2,"No hay personas presentes",7
63576802,1,"Hay personas presentes",424
63576802,2,"No hay personas presentes",22
63576803,1,"Hay personas presentes",252
63576803,2,"No hay personas presentes",2
63576804,1,"Hay personas presentes",207
63576804,2,"No hay personas presentes",10
63576805,1,"Hay personas presentes",224
63576805,2,"No hay personas presentes",10
63576806,1,"Hay personas presentes",279
63576806,2,"No hay personas presentes",19
63576807,1,"Hay personas presentes",307
63576807,2,"No hay personas presentes",9
63576808,1,"Hay personas presentes",266
63576808,2,"No hay personas presentes",16
63576809,1,"Hay personas presentes",263
63576809,2,"No hay personas presentes",3
63576810,1,"Hay personas presentes",387
63576810,2,"No hay personas presentes",3
63576901,1,"Hay personas presentes",232
63576901,2,"No hay personas presentes",8
63576902,1,"Hay personas presentes",240
63576902,2,"No hay personas presentes",12
63576903,1,"Hay personas presentes",229
63576903,2,"No hay personas presentes",5
63576904,1,"Hay personas presentes",261
63576904,2,"No hay personas presentes",16
63576905,1,"Hay personas presentes",255
63576905,2,"No hay personas presentes",17
63576906,1,"Hay personas presentes",291
63576906,2,"No hay personas presentes",9
63576907,1,"Hay personas presentes",367
63576907,2,"No hay personas presentes",16
63576908,1,"Hay personas presentes",262
63576908,2,"No hay personas presentes",10
63576909,1,"Hay personas presentes",326
63576909,2,"No hay personas presentes",11
63576910,1,"Hay personas presentes",371
63576910,2,"No hay personas presentes",14
63576911,1,"Hay personas presentes",233
63576911,2,"No hay personas presentes",7
63577001,1,"Hay personas presentes",294
63577001,2,"No hay personas presentes",10
63577002,1,"Hay personas presentes",369
63577002,2,"No hay personas presentes",14
63577003,1,"Hay personas presentes",232
63577003,2,"No hay personas presentes",9
63577004,1,"Hay personas presentes",242
63577004,2,"No hay personas presentes",30
63577005,1,"Hay personas presentes",209
63577005,2,"No hay personas presentes",15
63577006,1,"Hay personas presentes",257
63577006,2,"No hay personas presentes",30
63577007,1,"Hay personas presentes",406
63577007,2,"No hay personas presentes",48
63577008,1,"Hay personas presentes",362
63577008,2,"No hay personas presentes",51
63577009,1,"Hay personas presentes",220
63577009,2,"No hay personas presentes",61
63577010,1,"Hay personas presentes",192
63577010,2,"No hay personas presentes",5
63577011,1,"Hay personas presentes",250
63577011,2,"No hay personas presentes",9
63577012,1,"Hay personas presentes",225
63577012,2,"No hay personas presentes",24
63577013,1,"Hay personas presentes",303
63577013,2,"No hay personas presentes",6
63577014,1,"Hay personas presentes",241
63577014,2,"No hay personas presentes",8
63577015,1,"Hay personas presentes",248
63577015,2,"No hay personas presentes",2
63577016,1,"Hay personas presentes",225
63577016,2,"No hay personas presentes",21
63577101,1,"Hay personas presentes",320
63577101,2,"No hay personas presentes",16
63577102,1,"Hay personas presentes",389
63577102,2,"No hay personas presentes",26
63577103,1,"Hay personas presentes",387
63577103,2,"No hay personas presentes",12
63577104,1,"Hay personas presentes",468
63577104,2,"No hay personas presentes",43
63577105,1,"Hay personas presentes",289
63577105,2,"No hay personas presentes",25
63577106,1,"Hay personas presentes",367
63577106,2,"No hay personas presentes",9
63577107,1,"Hay personas presentes",376
63577107,2,"No hay personas presentes",36
63577108,1,"Hay personas presentes",247
63577108,2,"No hay personas presentes",16
63577109,1,"Hay personas presentes",291
63577109,2,"No hay personas presentes",8
63577110,1,"Hay personas presentes",282
63577111,1,"Hay personas presentes",319
63577111,2,"No hay personas presentes",6
63577112,1,"Hay personas presentes",434
63577112,2,"No hay personas presentes",10
63577113,1,"Hay personas presentes",184
63577113,2,"No hay personas presentes",28
63577114,1,"Hay personas presentes",222
63577114,2,"No hay personas presentes",15
63577201,1,"Hay personas presentes",397
63577201,2,"No hay personas presentes",18
63577202,1,"Hay personas presentes",447
63577202,2,"No hay personas presentes",5
63577203,1,"Hay personas presentes",311
63577203,2,"No hay personas presentes",2
63577204,1,"Hay personas presentes",316
63577204,2,"No hay personas presentes",9
63577205,1,"Hay personas presentes",362
63577205,2,"No hay personas presentes",8
63577206,1,"Hay personas presentes",297
63577206,2,"No hay personas presentes",35
63577207,1,"Hay personas presentes",299
63577207,2,"No hay personas presentes",6
63577208,1,"Hay personas presentes",218
63577209,1,"Hay personas presentes",194
63577209,2,"No hay personas presentes",4
63577210,1,"Hay personas presentes",204
63577210,2,"No hay personas presentes",6
63577211,1,"Hay personas presentes",333
63577211,2,"No hay personas presentes",29
63577212,1,"Hay personas presentes",224
63577212,2,"No hay personas presentes",2
63577213,1,"Hay personas presentes",263
63577213,2,"No hay personas presentes",3
63577301,1,"Hay personas presentes",193
63577301,2,"No hay personas presentes",3
63577302,1,"Hay personas presentes",76
63577302,2,"No hay personas presentes",26
63577303,1,"Hay personas presentes",14
63577304,1,"Hay personas presentes",206
63577304,2,"No hay personas presentes",11
63577305,1,"Hay personas presentes",308
63577305,2,"No hay personas presentes",64
63577306,1,"Hay personas presentes",11
63577307,1,"Hay personas presentes",49
63577307,2,"No hay personas presentes",12
63577308,1,"Hay personas presentes",77
63577308,2,"No hay personas presentes",31
63577309,1,"Hay personas presentes",88
63577309,2,"No hay personas presentes",6
63577310,1,"Hay personas presentes",317
63577310,2,"No hay personas presentes",23
63577311,1,"Hay personas presentes",410
63577311,2,"No hay personas presentes",14
63577401,1,"Hay personas presentes",419
63577401,2,"No hay personas presentes",9
63577402,1,"Hay personas presentes",291
63577402,2,"No hay personas presentes",101
63577403,1,"Hay personas presentes",468
63577403,2,"No hay personas presentes",25
63577404,1,"Hay personas presentes",542
63577404,2,"No hay personas presentes",17
63577405,1,"Hay personas presentes",299
63577405,2,"No hay personas presentes",17
63577406,1,"Hay personas presentes",256
63577406,2,"No hay personas presentes",7
63577407,1,"Hay personas presentes",309
63577407,2,"No hay personas presentes",12
63577408,1,"Hay personas presentes",496
63577408,2,"No hay personas presentes",28
63577409,1,"Hay personas presentes",425
63577409,2,"No hay personas presentes",18
63577410,1,"Hay personas presentes",379
63577410,2,"No hay personas presentes",31
63577501,1,"Hay personas presentes",298
63577501,2,"No hay personas presentes",221
63577502,1,"Hay personas presentes",100
63577502,2,"No hay personas presentes",130
63577503,1,"Hay personas presentes",43
63577504,1,"Hay personas presentes",82
63577504,2,"No hay personas presentes",9
63577505,1,"Hay personas presentes",201
63577505,2,"No hay personas presentes",135
63577506,1,"Hay personas presentes",160
63577506,2,"No hay personas presentes",99
63577507,1,"Hay personas presentes",203
63577507,2,"No hay personas presentes",56
63577508,1,"Hay personas presentes",222
63577508,2,"No hay personas presentes",97
63577509,1,"Hay personas presentes",250
63577509,2,"No hay personas presentes",124
63577510,1,"Hay personas presentes",134
63577510,2,"No hay personas presentes",145
63577511,1,"Hay personas presentes",159
63577511,2,"No hay personas presentes",107
63577601,1,"Hay personas presentes",136
63577601,2,"No hay personas presentes",14
63577602,1,"Hay personas presentes",202
63577602,2,"No hay personas presentes",29
63577603,1,"Hay personas presentes",185
63577603,2,"No hay personas presentes",102
63577604,1,"Hay personas presentes",228
63577604,2,"No hay personas presentes",94
63577605,1,"Hay personas presentes",267
63577605,2,"No hay personas presentes",101
63577606,1,"Hay personas presentes",117
63577606,2,"No hay personas presentes",14
63577607,1,"Hay personas presentes",205
63577607,2,"No hay personas presentes",185
63577608,1,"Hay personas presentes",140
63577608,2,"No hay personas presentes",13
63577609,1,"Hay personas presentes",100
63577609,2,"No hay personas presentes",100
63577610,1,"Hay personas presentes",160
63577610,2,"No hay personas presentes",98
63577611,1,"Hay personas presentes",80
63577611,2,"No hay personas presentes",75
63577612,1,"Hay personas presentes",77
63577612,2,"No hay personas presentes",37
63577701,1,"Hay personas presentes",59
63577701,2,"No hay personas presentes",11
63577702,1,"Hay personas presentes",22
63577703,1,"Hay personas presentes",233
63577703,2,"No hay personas presentes",74
63577704,1,"Hay personas presentes",297
63577704,2,"No hay personas presentes",10
63577705,1,"Hay personas presentes",12
63577705,2,"No hay personas presentes",1
63577706,1,"Hay personas presentes",18
63577706,2,"No hay personas presentes",1
63577707,1,"Hay personas presentes",41
63577707,2,"No hay personas presentes",39
63577708,1,"Hay personas presentes",110
63577708,2,"No hay personas presentes",63
63577709,1,"Hay personas presentes",54
63577709,2,"No hay personas presentes",3
63577710,1,"Hay personas presentes",25
63577710,2,"No hay personas presentes",87
63577801,1,"Hay personas presentes",7
63577802,1,"Hay personas presentes",146
63577802,2,"No hay personas presentes",16
63577803,1,"Hay personas presentes",126
63577803,2,"No hay personas presentes",3
63577804,1,"Hay personas presentes",306
63577804,2,"No hay personas presentes",6
63577805,1,"Hay personas presentes",320
63577805,2,"No hay personas presentes",5
63577806,1,"Hay personas presentes",24
63577807,1,"Hay personas presentes",56
63577807,2,"No hay personas presentes",6
63577901,1,"Hay personas presentes",38
63577901,2,"No hay personas presentes",2
63577902,1,"Hay personas presentes",390
63577902,2,"No hay personas presentes",12
63577903,1,"Hay personas presentes",19
63577904,1,"Hay personas presentes",426
63577904,2,"No hay personas presentes",15
63577905,1,"Hay personas presentes",269
63577905,2,"No hay personas presentes",5
63577906,1,"Hay personas presentes",278
63577906,2,"No hay personas presentes",1
63577907,1,"Hay personas presentes",333
63577907,2,"No hay personas presentes",7
63577908,1,"Hay personas presentes",291
63577908,2,"No hay personas presentes",19
63577909,1,"Hay personas presentes",230
63577909,2,"No hay personas presentes",6
63577910,1,"Hay personas presentes",20
63577911,1,"Hay personas presentes",308
63577912,1,"Hay personas presentes",233
63577912,2,"No hay personas presentes",12
63578001,1,"Hay personas presentes",27
63578002,1,"Hay personas presentes",225
63578002,2,"No hay personas presentes",102
63578003,1,"Hay personas presentes",333
63578003,2,"No hay personas presentes",169
63578004,1,"Hay personas presentes",262
63578004,2,"No hay personas presentes",79
63578005,1,"Hay personas presentes",171
63578005,2,"No hay personas presentes",66
63578006,1,"Hay personas presentes",174
63578006,2,"No hay personas presentes",41
63578007,1,"Hay personas presentes",174
63578007,2,"No hay personas presentes",68
63578008,1,"Hay personas presentes",171
63578008,2,"No hay personas presentes",103
63578009,1,"Hay personas presentes",217
63578009,2,"No hay personas presentes",90
63578010,1,"Hay personas presentes",199
63578010,2,"No hay personas presentes",38
63578011,1,"Hay personas presentes",235
63578011,2,"No hay personas presentes",65
63578012,1,"Hay personas presentes",301
63578012,2,"No hay personas presentes",87
63578013,1,"Hay personas presentes",229
63578013,2,"No hay personas presentes",93
63578014,1,"Hay personas presentes",227
63578014,2,"No hay personas presentes",82
63578101,1,"Hay personas presentes",72
63578102,1,"Hay personas presentes",11
63578102,2,"No hay personas presentes",7
63578103,1,"Hay personas presentes",8
63578104,1,"Hay personas presentes",105
63578104,2,"No hay personas presentes",43
63578105,1,"Hay personas presentes",222
63578105,2,"No hay personas presentes",37
63578106,1,"Hay personas presentes",238
63578106,2,"No hay personas presentes",30
63578201,1,"Hay personas presentes",73
63578201,2,"No hay personas presentes",4
63578202,1,"Hay personas presentes",61
63578202,2,"No hay personas presentes",20
63578203,1,"Hay personas presentes",68
63578203,2,"No hay personas presentes",13
63578204,1,"Hay personas presentes",27
63578204,2,"No hay personas presentes",32
63578205,1,"Hay personas presentes",73
63578205,2,"No hay personas presentes",28
63578206,1,"Hay personas presentes",27
63578206,2,"No hay personas presentes",13
63578207,1,"Hay personas presentes",99
63578207,2,"No hay personas presentes",3
63578208,1,"Hay personas presentes",194
63578208,2,"No hay personas presentes",61
63578209,1,"Hay personas presentes",212
63578209,2,"No hay personas presentes",31
63578210,1,"Hay personas presentes",206
63578210,2,"No hay personas presentes",32
63578211,1,"Hay personas presentes",12
63578211,2,"No hay personas presentes",7
63578212,1,"Hay personas presentes",71
63578212,2,"No hay personas presentes",1
63578213,1,"Hay personas presentes",66
63578213,2,"No hay personas presentes",3
63578214,1,"Hay personas presentes",20
63578214,2,"No hay personas presentes",3
63578301,1,"Hay personas presentes",114
63578301,2,"No hay personas presentes",3
63578302,1,"Hay personas presentes",94
63578302,2,"No hay personas presentes",18
63578303,1,"Hay personas presentes",106
63578303,2,"No hay personas presentes",13
63578401,1,"Hay personas presentes",42
63578401,2,"No hay personas presentes",29
63578402,1,"Hay personas presentes",24
63578402,2,"No hay personas presentes",2
63578403,1,"Hay personas presentes",99
63578403,2,"No hay personas presentes",79
63578404,1,"Hay personas presentes",84
63578404,2,"No hay personas presentes",41
63578405,1,"Hay personas presentes",78
63578405,2,"No hay personas presentes",82
63578406,1,"Hay personas presentes",78
63578406,2,"No hay personas presentes",22
63578407,1,"Hay personas presentes",50
63578407,2,"No hay personas presentes",27
63578408,1,"Hay personas presentes",35
63578408,2,"No hay personas presentes",35
63578409,1,"Hay personas presentes",40
63578409,2,"No hay personas presentes",45
63578410,1,"Hay personas presentes",23
63578410,2,"No hay personas presentes",10
63578411,1,"Hay personas presentes",53
63578411,2,"No hay personas presentes",58
63578412,1,"Hay personas presentes",61
63578412,2,"No hay personas presentes",61
63578413,1,"Hay personas presentes",28
63578413,2,"No hay personas presentes",39
63578501,1,"Hay personas presentes",38
63578501,2,"No hay personas presentes",21
63578502,1,"Hay personas presentes",51
63578502,2,"No hay personas presentes",68
63578503,1,"Hay personas presentes",52
63578503,2,"No hay personas presentes",83
63578504,1,"Hay personas presentes",55
63578504,2,"No hay personas presentes",75
63578505,1,"Hay personas presentes",53
63578505,2,"No hay personas presentes",36
63578506,1,"Hay personas presentes",52
63578506,2,"No hay personas presentes",39
63578507,1,"Hay personas presentes",44
63578507,2,"No hay personas presentes",56
63578508,1,"Hay personas presentes",66
63578508,2,"No hay personas presentes",120
63578509,1,"Hay personas presentes",61
63578509,2,"No hay personas presentes",117
63578510,1,"Hay personas presentes",58
63578510,2,"No hay personas presentes",98
63578511,1,"Hay personas presentes",25
63578511,2,"No hay personas presentes",43
63578512,1,"Hay personas presentes",27
63578512,2,"No hay personas presentes",2
63578601,1,"Hay personas presentes",10
63578601,2,"No hay personas presentes",31
63578602,1,"Hay personas presentes",27
63578602,2,"No hay personas presentes",74
63578603,1,"Hay personas presentes",37
63578603,2,"No hay personas presentes",93
63578604,1,"Hay personas presentes",42
63578604,2,"No hay personas presentes",86
63578605,1,"Hay personas presentes",19
63578605,2,"No hay personas presentes",39
63578606,1,"Hay personas presentes",8
63578606,2,"No hay personas presentes",19
63578607,1,"Hay personas presentes",10
63578607,2,"No hay personas presentes",14
63578608,1,"Hay personas presentes",15
63578608,2,"No hay personas presentes",36
63578609,1,"Hay personas presentes",26
63578609,2,"No hay personas presentes",68
63578610,1,"Hay personas presentes",20
63578610,2,"No hay personas presentes",74
63578611,1,"Hay personas presentes",17
63578611,2,"No hay personas presentes",57
63578612,1,"Hay personas presentes",26
63578612,2,"No hay personas presentes",63
63578613,1,"Hay personas presentes",12
63578613,2,"No hay personas presentes",22
63578701,1,"Hay personas presentes",300
63578701,2,"No hay personas presentes",31
63578702,1,"Hay personas presentes",291
63578702,2,"No hay personas presentes",29
63578703,1,"Hay personas presentes",273
63578703,2,"No hay personas presentes",54
63578704,1,"Hay personas presentes",266
63578704,2,"No hay personas presentes",60
63578705,1,"Hay personas presentes",322
63578705,2,"No hay personas presentes",44
63578706,1,"Hay personas presentes",312
63578706,2,"No hay personas presentes",54
63578707,1,"Hay personas presentes",213
63578707,2,"No hay personas presentes",30
63578708,1,"Hay personas presentes",225
63578708,2,"No hay personas presentes",12
63578709,1,"Hay personas presentes",214
63578709,2,"No hay personas presentes",43
63578710,1,"Hay personas presentes",206
63578710,2,"No hay personas presentes",10
63578711,1,"Hay personas presentes",183
63578711,2,"No hay personas presentes",14
63578712,1,"Hay personas presentes",298
63578712,2,"No hay personas presentes",37
63578713,1,"Hay personas presentes",202
63578713,2,"No hay personas presentes",14
63578801,1,"Hay personas presentes",129
63578801,2,"No hay personas presentes",72
63578802,1,"Hay personas presentes",11
63578802,2,"No hay personas presentes",2
63578803,1,"Hay personas presentes",148
63578803,2,"No hay personas presentes",29
63578804,1,"Hay personas presentes",207
63578804,2,"No hay personas presentes",46
63578805,1,"Hay personas presentes",105
63578805,2,"No hay personas presentes",78
63578806,1,"Hay personas presentes",167
63578806,2,"No hay personas presentes",2
63578807,1,"Hay personas presentes",242
63578807,2,"No hay personas presentes",87
63578808,1,"Hay personas presentes",132
63578808,2,"No hay personas presentes",101
63578809,1,"Hay personas presentes",134
63578810,1,"Hay personas presentes",111
63578810,2,"No hay personas presentes",108
63578811,1,"Hay personas presentes",153
63578811,2,"No hay personas presentes",93
63578901,1,"Hay personas presentes",291
63578901,2,"No hay personas presentes",101
63578902,1,"Hay personas presentes",308
63578902,2,"No hay personas presentes",106
63578903,1,"Hay personas presentes",243
63578903,2,"No hay personas presentes",50
63578904,1,"Hay personas presentes",257
63578904,2,"No hay personas presentes",106
63578905,1,"Hay personas presentes",288
63578905,2,"No hay personas presentes",11
63578906,1,"Hay personas presentes",203
63578906,2,"No hay personas presentes",59
63578907,1,"Hay personas presentes",120
63578907,2,"No hay personas presentes",53
63578908,1,"Hay personas presentes",241
63578908,2,"No hay personas presentes",50
63578909,1,"Hay personas presentes",167
63578909,2,"No hay personas presentes",129
63578910,1,"Hay personas presentes",133
63578910,2,"No hay personas presentes",10
63578911,1,"Hay personas presentes",284
63578911,2,"No hay personas presentes",60
63578912,1,"Hay personas presentes",172
63578912,2,"No hay personas presentes",79
63578913,1,"Hay personas presentes",115
63578913,2,"No hay personas presentes",49
63578914,1,"Hay personas presentes",131
63578914,2,"No hay personas presentes",36
63578915,1,"Hay personas presentes",173
63578915,2,"No hay personas presentes",92
63579001,1,"Hay personas presentes",197
63579001,2,"No hay personas presentes",51
63579002,1,"Hay personas presentes",177
63579002,2,"No hay personas presentes",77
63579003,1,"Hay personas presentes",185
63579003,2,"No hay personas presentes",146
63579004,1,"Hay personas presentes",168
63579004,2,"No hay personas presentes",117
63579005,1,"Hay personas presentes",206
63579005,2,"No hay personas presentes",169
63579006,1,"Hay personas presentes",91
63579006,2,"No hay personas presentes",177
63579007,1,"Hay personas presentes",250
63579007,2,"No hay personas presentes",132
63579008,1,"Hay personas presentes",124
63579008,2,"No hay personas presentes",18
63579009,1,"Hay personas presentes",156
63579009,2,"No hay personas presentes",111
63579010,1,"Hay personas presentes",111
63579010,2,"No hay personas presentes",99
63579011,1,"Hay personas presentes",93
63579011,2,"No hay personas presentes",48
63579101,1,"Hay personas presentes",378
63579101,2,"No hay personas presentes",76
63579102,1,"Hay personas presentes",132
63579102,2,"No hay personas presentes",14
63579103,1,"Hay personas presentes",67
63579103,2,"No hay personas presentes",4
63579104,1,"Hay personas presentes",500
63579104,2,"No hay personas presentes",62
63579105,1,"Hay personas presentes",61
63579105,2,"No hay personas presentes",13
63579106,1,"Hay personas presentes",80
63579106,2,"No hay personas presentes",6
63579107,1,"Hay personas presentes",146
63579108,1,"Hay personas presentes",112
63579108,2,"No hay personas presentes",51
63579109,1,"Hay personas presentes",121
63579109,2,"No hay personas presentes",65
63579110,1,"Hay personas presentes",149
63579110,2,"No hay personas presentes",75
63579111,1,"Hay personas presentes",109
63579111,2,"No hay personas presentes",39
63579201,1,"Hay personas presentes",422
63579201,2,"No hay personas presentes",13
63579202,1,"Hay personas presentes",289
63579202,2,"No hay personas presentes",2
63579203,1,"Hay personas presentes",134
63579203,2,"No hay personas presentes",13
63579204,1,"Hay personas presentes",266
63579204,2,"No hay personas presentes",2
63579205,1,"Hay personas presentes",209
63579205,2,"No hay personas presentes",3
63579206,1,"Hay personas presentes",170
63579206,2,"No hay personas presentes",1
63579207,1,"Hay personas presentes",256
63579207,2,"No hay personas presentes",3
63579208,1,"Hay personas presentes",69
63579208,2,"No hay personas presentes",1
63579209,1,"Hay personas presentes",245
63579209,2,"No hay personas presentes",17
63579210,1,"Hay personas presentes",88
63579210,2,"No hay personas presentes",6
63579211,1,"Hay personas presentes",410
63579211,2,"No hay personas presentes",4
63579212,1,"Hay personas presentes",194
63579212,2,"No hay personas presentes",7
63579213,1,"Hay personas presentes",106
63579213,2,"No hay personas presentes",2
63579214,1,"Hay personas presentes",184
63579214,2,"No hay personas presentes",24
63579215,1,"Hay personas presentes",42
63579301,1,"Hay personas presentes",80
63579301,2,"No hay personas presentes",13
63579302,1,"Hay personas presentes",349
63579302,2,"No hay personas presentes",23
63579303,1,"Hay personas presentes",177
63579303,2,"No hay personas presentes",7
63579304,1,"Hay personas presentes",277
63579304,2,"No hay personas presentes",18
63579305,1,"Hay personas presentes",272
63579305,2,"No hay personas presentes",4
63579306,1,"Hay personas presentes",188
63579306,2,"No hay personas presentes",19
63579307,1,"Hay personas presentes",268
63579307,2,"No hay personas presentes",43
63579308,1,"Hay personas presentes",465
63579308,2,"No hay personas presentes",16
63579309,1,"Hay personas presentes",285
63579309,2,"No hay personas presentes",12
63579310,1,"Hay personas presentes",319
63579310,2,"No hay personas presentes",3
63579401,1,"Hay personas presentes",334
63579401,2,"No hay personas presentes",21
63579402,1,"Hay personas presentes",279
63579402,2,"No hay personas presentes",85
63579403,1,"Hay personas presentes",137
63579403,2,"No hay personas presentes",92
63579404,1,"Hay personas presentes",102
63579404,2,"No hay personas presentes",97
63579405,1,"Hay personas presentes",190
63579405,2,"No hay personas presentes",214
63579406,1,"Hay personas presentes",118
63579406,2,"No hay personas presentes",174
63579407,1,"Hay personas presentes",72
63579407,2,"No hay personas presentes",167
63579408,1,"Hay personas presentes",162
63579408,2,"No hay personas presentes",291
63579409,1,"Hay personas presentes",184
63579409,2,"No hay personas presentes",197
63579501,1,"Hay personas presentes",457
63579501,2,"No hay personas presentes",8
63579502,1,"Hay personas presentes",374
63579502,2,"No hay personas presentes",11
63579503,1,"Hay personas presentes",361
63579503,2,"No hay personas presentes",12
63579504,1,"Hay personas presentes",262
63579504,2,"No hay personas presentes",2
63579505,1,"Hay personas presentes",301
63579505,2,"No hay personas presentes",9
63579506,1,"Hay personas presentes",250
63579506,2,"No hay personas presentes",4
63579507,1,"Hay personas presentes",318
63579507,2,"No hay personas presentes",1
63579508,1,"Hay personas presentes",388
63579508,2,"No hay personas presentes",2
63579509,1,"Hay personas presentes",366
63579509,2,"No hay personas presentes",4
63579601,1,"Hay personas presentes",410
63579601,2,"No hay personas presentes",8
63579602,1,"Hay personas presentes",315
63579602,2,"No hay personas presentes",4
63579603,1,"Hay personas presentes",278
63579603,2,"No hay personas presentes",2
63579604,1,"Hay personas presentes",313
63579604,2,"No hay personas presentes",6
63579605,1,"Hay personas presentes",278
63579605,2,"No hay personas presentes",1
63579606,1,"Hay personas presentes",229
63579606,2,"No hay personas presentes",12
63579607,1,"Hay personas presentes",256
63579607,2,"No hay personas presentes",2
63579608,1,"Hay personas presentes",219
63579701,1,"Hay personas presentes",249
63579701,2,"No hay personas presentes",3
63579702,1,"Hay personas presentes",220
63579702,2,"No hay personas presentes",3
63579703,1,"Hay personas presentes",230
63579703,2,"No hay personas presentes",5
63579704,1,"Hay personas presentes",202
63579704,2,"No hay personas presentes",5
63579705,1,"Hay personas presentes",427
63579705,2,"No hay personas presentes",3
63579706,1,"Hay personas presentes",278
63579706,2,"No hay personas presentes",2
63579707,1,"Hay personas presentes",314
63579707,2,"No hay personas presentes",4
63579708,1,"Hay personas presentes",320
63579708,2,"No hay personas presentes",2
63579709,1,"Hay personas presentes",489
63579709,2,"No hay personas presentes",5
63579710,1,"Hay personas presentes",277
63579710,2,"No hay personas presentes",3
63579801,1,"Hay personas presentes",284
63579801,2,"No hay personas presentes",136
63579802,1,"Hay personas presentes",197
63579802,2,"No hay personas presentes",54
63579803,1,"Hay personas presentes",169
63579803,2,"No hay personas presentes",65
63579804,1,"Hay personas presentes",165
63579804,2,"No hay personas presentes",49
63579805,1,"Hay personas presentes",160
63579805,2,"No hay personas presentes",58
63579806,1,"Hay personas presentes",147
63579806,2,"No hay personas presentes",65
63579807,1,"Hay personas presentes",141
63579807,2,"No hay personas presentes",37
63579901,1,"Hay personas presentes",25
63579901,2,"No hay personas presentes",12
63579902,1,"Hay personas presentes",100
63579902,2,"No hay personas presentes",30
63579903,1,"Hay personas presentes",144
63579903,2,"No hay personas presentes",78
63579904,1,"Hay personas presentes",188
63579904,2,"No hay personas presentes",45
63579905,1,"Hay personas presentes",83
63579905,2,"No hay personas presentes",23
63579906,1,"Hay personas presentes",205
63579906,2,"No hay personas presentes",32
63579907,1,"Hay personas presentes",222
63579907,2,"No hay personas presentes",63
63579908,1,"Hay personas presentes",286
63579908,2,"No hay personas presentes",45
63579909,1,"Hay personas presentes",255
63579909,2,"No hay personas presentes",33
63579910,1,"Hay personas presentes",231
63579910,2,"No hay personas presentes",17
63579911,1,"Hay personas presentes",242
63579911,2,"No hay personas presentes",27
63579912,1,"Hay personas presentes",237
63579912,2,"No hay personas presentes",37
